Workbook

Sheet TestCoverage
A1: Execution Date & Time: | B1: 04/14/2026 07:55:21 PM | C1: 46111.738
A2: Functional Area | B2: Total Automated Tests | C2: Passed | D2: Failed | E2: Blocked | F2: Pass % | G2: Fail % | H2: Blocked %
A3: Validations & Business Rules | B3: 31 | C3: 29 | D3: 2 | E3: 0 | F3: =IF(B3=0,"",C3/B3) -> 0.93548387 | G3: =IFERROR(D3/B3,0) -> 0.064516129 | H3: =IFERROR(E3/B3,0) -> 0
A4: RAI Management | B4: 8 | C4: 8 | D4: 0 | E4: 0 | F4: =IF(B4=0,"",C4/B4) -> 1 | G4: =IFERROR(D4/B4,0) -> 0 | H4: =IFERROR(E4/B4,0) -> 0
A5: SRT Review | B5: 9 | C5: 8 | D5: 1 | E5: 0 | F5: =IF(B5=0,"",C5/B5) -> 0.88888889 | G5: =IFERROR(D5/B5,0) -> 0.11111111 | H5: =IFERROR(E5/B5,0) -> 0
A6: Workflow & Status Transitions | B6: 7 | C6: 7 | D6: 0 | E6: 0 | F6: =IF(B6=0,"",C6/B6) -> 1 | G6: =IFERROR(D6/B6,0) -> 0 | H6: =IFERROR(E6/B6,0) -> 0
A7: Record Lifecycle Management | B7: 17 | C7: 17 | D7: 0 | E7: 0 | F7: =IF(B7=0,"",C7/B7) -> 1 | G7: =IFERROR(D7/B7,0) -> 0 | H7: =IFERROR(E7/B7,0) -> 0
A8: User Access & Permissions | B8: 7 | C8: 7 | D8: 0 | E8: 0 | F8: =IF(B8=0,"",C8/B8) -> 1 | G8: =IFERROR(D8/B8,0) -> 0 | H8: =IFERROR(E8/B8,0) -> 0
A9: Assignment & Routing | B9: 8 | C9: 8 | D9: 0 | E9: 0 | F9: =IF(B9=0,"",C9/B9) -> 1 | G9: =IFERROR(D9/B9,0) -> 0 | H9: =IFERROR(E9/B9,0) -> 0
A10: API End To End | F10: =IF(B10=0,"",C10/B10) | G10: =IFERROR(D10/B10,0) -> 0 | H10: =IFERROR(E10/B10,0) -> 0
A11: Search & Filters | F11: =IF(B11=0,"",C11/B11) | G11: =IFERROR(D11/B11,0) -> 0 | H11: =IFERROR(E11/B11,0) -> 0
A12: Reporting & Data Export | F12: =IF(B12=0,"",C12/B12) | G12: =IFERROR(D12/B12,0) -> 0 | H12: =IFERROR(E12/B12,0) -> 0
A13: Accessibility (Section 508 Compliance) | B13: 7 | C13: 5 | D13: 2 | E13: 0 | F13: =IF(B13=0,"",C13/B13) -> 0.71428571 | G13: =IFERROR(D13/B13,0) -> 0.28571429 | H13: =IFERROR(E13/B13,0) -> 0
A14: Email Notifications & Alerts | F14: =IF(B14=0,"",C14/B14) | G14: =IFERROR(D14/B14,0) -> 0 | H14: =IFERROR(E14/B14,0) -> 0
A15: Timeline & SLA Management | B15: 10 | C15: 10 | D15: 0 | E15: 0 | F15: =IF(B15=0,"",C15/B15) -> 1 | G15: =IFERROR(D15/B15,0) -> 0 | H15: =IFERROR(E15/B15,0) -> 0
A16: Document Management | F16: =IF(B16=0,"",C16/B16) | G16: =IFERROR(D16/B16,0) -> 0 | H16: =IFERROR(E16/B16,0) -> 0
A17: TOTAL | B17: =SUM(B3:B16) -> 104 | C17: =SUM(C3:C15) -> 99 | D17: =SUM(D3:D15) -> 5 | E17: =SUM(E3:E15) -> 0 | F17: =IFERROR(C17/B17,0) -> 0.95192308 | G17: =IFERROR(D17/B17,0) -> 0.048076923 | H17: =IFERROR(E17/B17,0) -> 0

Sheet Dashboard
E1: Automation Execution Coverage - OneMAC SMART
G3: Execution Date: | H3: =TestCoverage!B1 -> 04/14/2026 07:55:21 PM
G4: Total Scripts: | H4: =TestCoverage!B17 -> 104
G5: Total Passed: | H5: =TestCoverage!C17 -> 99
G6: Total Failed: | H6: =TestCoverage!D17 -> 5
G7: Total Blocked: | H7: =TestCoverage!E17 -> 0
G8: Overall Pass %: | H8: =IFERROR(H5/H4,"") -> 0.95192308

Sheet Dashboard_Data
A1: Chart Label | B1: Pass % | C1: Fail % | D1: Blocked % | E1: Risk | F1: Total Tests | G1: Pending Automation % | H1: Remaining Label | I1: Dynamic Chart Label | J1: Blocked label
A2: =TestCoverage!A13 & " (" & IFERROR(TestCoverage!B13+0,0) & ")" -> Accessibility (Section 508 Compliance) (7) | B2: =TestCoverage!F13 -> 0.71428571 | C2: =TestCoverage!G13 -> 0.28571429 | D2: =TestCoverage!H13 -> 0 | E2: =C2 + D2 -> 0.28571429 | F2: =TestCoverage!B13 -> 7 | G2: =IF($F2=0,1,0) -> 0 | H2: =IF(G2=100%,"Not Automated","") | I2: =IF(AND(C2>0,F2>0),"⚠️ "&A2,A2) -> ⚠️ Accessibility (Section 508 Compliance) (7) | J2: =IF(D2=100%,"Blocked","")
A3: =TestCoverage!A3 & " (" & IFERROR(TestCoverage!B3+0,0) & ")" -> Validations & Business Rules (31) | B3: =TestCoverage!F3 -> 0.93548387 | C3: =TestCoverage!G3 -> 0.064516129 | D3: =TestCoverage!H3 -> 0 | E3: =C3 + D3 -> 0.064516129 | F3: =TestCoverage!B3 -> 31 | G3: =IF($F3=0,1,0) -> 0 | H3: =IF(G3=100%,"Not Automated","") | I3: =IF(AND(C3>0,F3>0),"⚠️ "&A3,A3) -> ⚠️ Validations & Business Rules (31) | J3: =IF(D3=100%,"Blocked","")
A4: =TestCoverage!A4 & " (" & IFERROR(TestCoverage!B4+0,0) & ")" -> RAI Management (8) | B4: =TestCoverage!F4 -> 1 | C4: =TestCoverage!G4 -> 0 | D4: =TestCoverage!H4 -> 0 | E4: =C4 + D4 -> 0 | F4: =TestCoverage!B4 -> 8 | G4: =IF($F4=0,1,0) -> 0 | H4: =IF(G4=100%,"Not Automated","") | I4: =IF(AND(C4>0,F4>0),"⚠️ "&A4,A4) -> RAI Management (8) | J4: =IF(D4=100%,"Blocked","")
A5: =TestCoverage!A5 & " (" & IFERROR(TestCoverage!B5+0,0) & ")" -> SRT Review (9) | B5: =TestCoverage!F5 -> 0.88888889 | C5: =TestCoverage!G5 -> 0.11111111 | D5: =TestCoverage!H5 -> 0 | E5: =C5 + D5 -> 0.11111111 | F5: =TestCoverage!B5 -> 9 | G5: =IF($F5=0,1,0) -> 0 | H5: =IF(G5=100%,"Not Automated","") | I5: =IF(AND(C5>0,F5>0),"⚠️ "&A5,A5) -> ⚠️ SRT Review (9) | J5: =IF(D5=100%,"Blocked","")
A6: =TestCoverage!A6 & " (" & IFERROR(TestCoverage!B6+0,0) & ")" -> Workflow & Status Transitions (7) | B6: =TestCoverage!F6 -> 1 | C6: =TestCoverage!G6 -> 0 | D6: =TestCoverage!H6 -> 0 | E6: =C6 + D6 -> 0 | F6: =TestCoverage!B6 -> 7 | G6: =IF($F6=0,1,0) -> 0 | H6: =IF(G6=100%,"Not Automated","") | I6: =IF(AND(C6>0,F6>0),"⚠️ "&A6,A6) -> Workflow & Status Transitions (7) | J6: =IF(D6=100%,"Blocked","")
A7: =TestCoverage!A7 & " (" & IFERROR(TestCoverage!B7+0,0) & ")" -> Record Lifecycle Management (17) | B7: =TestCoverage!F7 -> 1 | C7: =TestCoverage!G7 -> 0 | D7: =TestCoverage!H7 -> 0 | E7: =C7 + D7 -> 0 | F7: =TestCoverage!B7 -> 17 | G7: =IF($F7=0,1,0) -> 0 | H7: =IF(G7=100%,"Not Automated","") | I7: =IF(AND(C7>0,F7>0),"⚠️ "&A7,A7) -> Record Lifecycle Management (17) | J7: =IF(D7=100%,"Blocked","")
A8: =TestCoverage!A8 & " (" & IFERROR(TestCoverage!B8+0,0) & ")" -> User Access & Permissions (7) | B8: =TestCoverage!F8 -> 1 | C8: =TestCoverage!G8 -> 0 | D8: =TestCoverage!H8 -> 0 | E8: =C8 + D8 -> 0 | F8: =TestCoverage!B8 -> 7 | G8: =IF($F8=0,1,0) -> 0 | H8: =IF(G8=100%,"Not Automated","") | I8: =IF(AND(C8>0,F8>0),"⚠️ "&A8,A8) -> User Access & Permissions (7) | J8: =IF(D8=100%,"Blocked","")
A9: =TestCoverage!A9 & " (" & IFERROR(TestCoverage!B9+0,0) & ")" -> Assignment & Routing (8) | B9: =TestCoverage!F9 -> 1 | C9: =TestCoverage!G9 -> 0 | D9: =TestCoverage!H9 -> 0 | E9: =C9 + D9 -> 0 | F9: =TestCoverage!B9 -> 8 | G9: =IF($F9=0,1,0) -> 0 | H9: =IF(G9=100%,"Not Automated","") | I9: =IF(AND(C9>0,F9>0),"⚠️ "&A9,A9) -> Assignment & Routing (8) | J9: =IF(D9=100%,"Blocked","")
A10: =TestCoverage!A10 & " (" & IFERROR(TestCoverage!B10+0,0) & ")" -> API End To End (0) | B10: =TestCoverage!F10 | C10: =TestCoverage!G10 -> 0 | D10: =TestCoverage!H10 -> 0 | E10: =C10 + D10 -> 0 | F10: =TestCoverage!B10 -> 0 | G10: =IF($F10=0,1,0) -> 1 | H10: =IF(G10=100%,"Not Automated","") -> Not Automated | I10: =IF(AND(C10>0,F10>0),"⚠️ "&A10,A10) -> API End To End (0) | J10: =IF(D10=100%,"Blocked","")
A11: =TestCoverage!A11 & " (" & IFERROR(TestCoverage!B11+0,0) & ")" -> Search & Filters (0) | B11: =TestCoverage!F11 | C11: =TestCoverage!G11 -> 0 | D11: =TestCoverage!H11 -> 0 | E11: =C11 + D11 -> 0 | F11: =TestCoverage!B11 -> 0 | G11: =IF($F11=0,1,0) -> 1 | H11: =IF(G11=100%,"Not Automated","") -> Not Automated | I11: =IF(AND(C11>0,F11>0),"⚠️ "&A11,A11) -> Search & Filters (0) | J11: =IF(D11=100%,"Blocked","")
A12: =TestCoverage!A12 & " (" & IFERROR(TestCoverage!B12+0,0) & ")" -> Reporting & Data Export (0) | B12: =TestCoverage!F12 | C12: =TestCoverage!G12 -> 0 | D12: =TestCoverage!H12 -> 0 | E12: =C12 + D12 -> 0 | F12: =TestCoverage!B12 -> 0 | G12: =IF($F12=0,1,0) -> 1 | H12: =IF(G12=100%,"Not Automated","") -> Not Automated | I12: =IF(AND(C12>0,F12>0),"⚠️ "&A12,A12) -> Reporting & Data Export (0) | J12: =IF(D12=100%,"Blocked","")
A13: =TestCoverage!A14 & " (" & IFERROR(TestCoverage!B14+0,0) & ")" -> Email Notifications & Alerts (0) | B13: =TestCoverage!F14 | C13: =TestCoverage!G14 -> 0 | D13: =TestCoverage!H14 -> 0 | E13: =C13 + D13 -> 0 | F13: =TestCoverage!B14 -> 0 | G13: =IF($F13=0,1,0) -> 1 | H13: =IF(G13=100%,"Not Automated","") -> Not Automated | I13: =IF(AND(C13>0,F13>0),"⚠️ "&A13,A13) -> Email Notifications & Alerts (0) | J13: =IF(D13=100%,"Blocked","")
A14: =TestCoverage!A15 & " (" & IFERROR(TestCoverage!B15+0,0) & ")" -> Timeline & SLA Management (10) | B14: =TestCoverage!F15 -> 1 | C14: =TestCoverage!G15 -> 0 | D14: =TestCoverage!H15 -> 0 | E14: =C14 + D14 -> 0 | F14: =TestCoverage!B15 -> 10 | G14: =IF($F14=0,1,0) -> 0 | H14: =IF(G14=100%,"Not Automated","") | I14: =IF(AND(C14>0,F14>0),"⚠️ "&A14,A14) -> Timeline & SLA Management (10) | J14: =IF(D14=100%,"Blocked","")
A15: =TestCoverage!A16 & " (" & IFERROR(TestCoverage!B16+0,0) & ")" -> Document Management (0) | B15: =TestCoverage!F16 | C15: =TestCoverage!G16 -> 0 | D15: =TestCoverage!H16 -> 0 | E15: =C15 + D15 -> 0 | F15: =TestCoverage!B16 -> 0 | G15: =IF($F15=0,1,0) -> 1 | H15: =IF(G15=100%,"Not Automated","") -> Not Automated | I15: =IF(AND(C15>0,F15>0),"⚠️ "&A15,A15) -> Document Management (0) | J15: =IF(D15=100%,"Blocked","")
A16: =TestCoverage!A17 & " (" & TestCoverage!B17 & ")" -> TOTAL (104) | B16: =TestCoverage!F17 -> 0.95192308 | C16: =TestCoverage!G17 -> 0.048076923 | D16: =TestCoverage!H17 -> 0 | F16: =TestCoverage!B17 -> 104 | G16: =COUNTIF(F2:F14,0)/COUNTA(A2:A14) -> 0.30769231
